tiempo (min),3er armonico
0.3686609324,3.55E-11
1.266972546,-0.07694521667
2.433215465,0.01061343654
3.601307852,0.1161275556
4.761365556,0.33540984
5.925396282,0.4937714947
7.112217193,0.4583245976
8.266394573,0.4121413244
9.413700888,0.2927030456
10.57899581,0.2282134382
11.72993003,0.2673688339
12.88502711,0.2133708621
14.0449396,0.2281273635
15.20406565,0.168807375
16.35734407,0.2578623202
17.51311632,0.142648153
18.67031684,0.2422240799
19.82653605,0.1370827947
20.9844262,0.3067118619
22.1391901,0.2954094708
23.29072027,0.3146682258
24.44278918,0.2772059547
25.59313435,0.2707587419
26.75729332,0.29716277
27.93769202,0.1241216871
29.11214187,0.3399731157
30.28759692,0.2055218723
31.44650861,0.1574235118
32.59865422,0.2302546806
33.76601801,0.2054486399
34.93323406,0.2382837857
36.09447424,0.333397676
37.25049229,0.2541118277
38.40953096,0.1848460827
39.57019719,0.3016674792
40.71757706,0.1238294157
41.84957215,0.3167030445
43.00041773,0.4455368364
44.14926547,0.2007888519
45.2998709,0.3683104273
46.45155572,0.2910105431
47.60398735,0.2349141514
48.76008775,0.316146891
49.91355162,0.3258312842
51.06812505,0.455863225
52.21887192,0.2787521581
53.37643014,0.3897132191
54.53019891,0.4021051539
55.68243378,0.3370619367
56.83128153,0.4634932764
57.98405892,0.3436596158
59.13673887,0.4046019639
60.28584311,0.4660317252
61.43722051,0.4112070725
62.5964044,0.4167997875
63.75021654,0.2976950308
64.90253879,0.4968830962
66.05912388,0.3053389869
67.21094259,0.3642831898
68.36040263,0.1999389592
69.5109408,0.2717940801
70.66182472,0.3128349483
71.8108818,0.2972489571
72.96681876,0.4313396452
74.12071702,0.4111542938
75.27003625,0.4336490271
76.42299217,0.3557713454
77.57196251,0.4611746458
78.72517115,0.5342729825
79.88475423,0.5389774498
81.03431988,0.4493983128
82.17230971,0.5783660996
83.31788852,0.4172062775
84.46844869,0.4693100428
85.60425964,0.4922742428
86.71949449,0.4270873095
87.85089803,0.5476422981
89.00697014,0.6069964804
90.17384296,0.561803146
91.32927448,0.5558706696
92.48924417,0.5528925732
93.64452419,0.6919802688
94.80075346,0.6475170193
95.94809309,0.548990842
97.10188323,0.6357257689
98.23690146,0.6604388313
99.37700479,0.7397251123
100.5136921,0.631971897
101.6627529,0.6357800905
102.8093797,0.8612542066
103.9643271,0.9250540554
105.1159956,0.8354274594
106.4235643,1.689130069
107.6953482,3.489616333
108.8434793,3.417862513
109.9835594,3.584786529
111.1336518,3.632183583
112.2805382,3.935534834
113.5269733,4.058535274
114.7398502,4.486011004
115.8856377,4.61152165
117.061475,4.653324901
118.24394,4.73975504
119.4422324,4.965998866
120.5997303,5.047467943
121.7875438,4.939609279
122.9470722,4.887019889
124.1032801,4.92099712
125.2535102,5.078074334
126.4131159,5.242792504
127.6496191,5.454608099
128.8475224,5.483480824
130.0565029,5.673789986
131.2502722,5.7470319
132.4849429,5.628842357
133.9233039,5.255078642
135.0756915,5.348933129
136.2271387,5.446212854
137.4171795,5.485566786
138.7182255,5.612387768
139.9857918,5.18481675
141.3174205,5.072036589
142.5686497,5.448540816
143.5695727,5.606062623
144.8279546,5.910456191
145.9521985,6.117487966
147.0277798,6.322751913
148.2881249,6.452834856
149.5385054,6.647710995
150.7678169,6.818545132
151.9952632,6.511819616
153.1544288,6.579751004
154.3059081,6.677786938
155.496411,6.714773708
156.7225491,6.417980108
157.9447777,6.046566735
159.1940222,5.615464899
160.3556289,4.907098371
161.5630334,3.23674143
162.8694077,2.467318318
164.0559533,1.852251609
165.2573084,2.016808741
166.4021913,1.649970924
167.5440196,0.6075423261
168.6864565,0.4764111042
169.8262442,-0.5240927382
170.9744256,-0.2332231644
172.1169228,-0.1189221541
173.2603315,0.238707314
174.4074071,0.575241896
175.6104068,0.8546915576
176.7525325,1.33743129
177.9009075,0.789607808
179.0472645,2.070826457
180.1931199,1.495128382
181.3490663,2.170406801
182.4909996,2.807357499
183.6310634,2.81636823
184.7747217,2.897850034
185.9180606,3.740128738
187.0652293,3.791959864
188.2154525,3.70131348
189.3562957,3.978421204
190.4968875,4.344989523
191.6424801,4.350448576
192.813617,4.572092489
193.9827046,5.293098379
195.1252049,5.028480517
196.2841455,5.509595074
197.4660102,5.085207043
198.609275,5.04481902
199.7542069,5.191704973
200.897483,6.075856184
202.1269158,5.57972231
203.3587991,5.413168248
204.5025492,5.537556428
205.6698055,5.740437042
206.7008236,5.252214807
208.4551253,5.593170717
209.1960524,3.844878685
210.2142072,4.278969973
211.3984526,4.721477162
212.5533051,4.191812132
213.690782,4.806805146
214.8954633,6.241874689
215.9665309,5.91204071
217.1954709,6.301852621
218.4004125,6.700437907
219.4077684,6.561233927
220.6499401,7.067852275
221.8805944,6.402892131
223.2269491,5.094853594
224.2723028,4.983629838
225.5133447,5.494213478
226.6944324,5.705985662
227.839656,5.152750059
228.9972388,5.362728573
230.288906,5.516082425
231.4519001,5.659859516
232.6530679,5.937767779
233.7484338,6.051694976
234.8242258,6.154289428
235.9673529,6.111527157
237.1085324,5.754055321
238.2564372,5.474216142
239.4065152,6.923126067
240.5973808,6.210307931
241.7598896,6.000966767
242.9051031,6.56409182
244.0631278,6.397563701
245.2498469,5.71691756
246.3958016,6.21080037
247.5378336,6.390132595
248.682946,6.189664657
249.8257688,6.217711947
250.9663241,5.713276074
252.1095141,5.813656637
253.2559906,6.103276289
254.3999507,6.315297743
255.5397698,6.195252358
256.6897931,6.339630989
257.8300486,6.472077393
258.9723924,6.239064106
260.126622,5.887152845
261.2718613,6.50343758
262.4162337,6.18362041
263.5677953,6.497613097
264.715995,6.484862719
265.8614273,6.720689327
267.0018996,6.353800759
268.1444741,6.196126355
269.2898109,5.743384053
270.495119,6.476431383
271.6356843,6.552622227
272.7951203,6.300167666
273.9868163,6.68230829
275.130535,6.614827465
276.2730026,6.291383748
277.4245674,6.5314306
278.5640144,6.828570514
279.702973,7.000092412
280.844724,6.891163863
281.9936057,7.016313658
283.1347683,6.424570349
284.2821431,6.422294191
285.4278445,6.994934125
286.5673242,7.150980192
287.710611,6.586578862
288.8567317,6.094109708
290.0020628,6.030342994
291.1459003,6.079125406
292.2909309,6.871220902
293.4369604,6.61454489
294.5844421,6.747426451
295.7365431,6.347154221
296.8793163,7.087939329
298.0378772,6.692372534
299.1877264,6.317802706
300.3275512,5.920891235
301.471041,6.605703503
302.6620072,6.382205737
303.8009381,6.42613729
304.953195,6.483643814
306.1011997,5.772651787
307.2473047,6.893653332
308.3888784,6.370787122
309.533794,6.990965242
310.6771732,5.829891174
311.8211056,7.314875882
312.9634186,6.138984936
314.1129264,6.669931335
315.2866577,6.393058282
316.5052729,6.851455035
317.6983783,6.089357699
318.9308525,6.906665416
320.0757618,6.859947998
321.2188908,6.589301302
322.364694,6.787388637
323.5104734,6.961132398
324.6979456,7.30093183
325.856509,6.742429086
327.0001094,6.358558866
328.143576,6.993730827
329.2846047,6.573088504
330.4272471,6.058322759
331.5700794,6.075367125
332.6741143,6.215004219
333.9574973,6.373248852
335.156754,7.001686608
336.3376638,6.662694613
337.5022729,6.834560695
338.6870809,6.71464721
339.8321209,6.642119623
340.9720136,6.87865418
342.1207231,6.755383026
343.2624005,6.665644018
344.4024982,7.112482768
345.5433163,6.665385574
346.6900235,7.207538942
347.8350856,6.764702557
348.9781706,6.631370348
350.1255316,6.882176479
351.2712512,6.767932768
352.4198833,6.581556729
353.5655005,6.861188938
354.7091355,6.218047256
355.8552103,6.648062869
357.0721382,6.13038405
358.2790197,6.765517561
359.4642539,7.179581863
360.6403162,6.821559226
361.8128311,6.343062972
362.9564781,7.345183915
364.1879125,7.163588982
365.3655735,6.460248684
366.5134544,6.112103724
367.6608745,6.766823679
368.8745391,6.736456539
369.9015144,6.377893964
371.0482593,6.125147297
372.1888655,6.980393484
373.3271615,6.618333932
374.4718502,6.023712469
375.6320374,7.127831329
376.9962833,6.638969313
378.1133657,7.399186861
379.2704505,7.216702341
380.4118671,6.596512353
381.6015509,6.755892207
382.7634046,7.57686747
383.9064273,7.115174707
385.0520816,6.877176255
386.3142793,6.797410324
387.4880068,6.482681967
388.7227058,6.815293806
389.925239,7.10219002
391.1256732,6.063934869
392.3873233,7.024219198
393.5285387,6.933710188
394.7345439,6.808560471
395.9476144,6.388365803
397.0920089,6.663984666
398.2938524,7.01157257
399.4994585,7.075668478
400.6469326,6.264259227
401.85871,6.604081697
403.0654966,6.259936472
404.2442043,6.836300208
405.4785179,6.661052873
406.622791,6.969121808
407.7707008,6.683563056
408.9642828,6.914241719
410.1227758,7.537463585
411.2649222,7.095370842
412.4128534,6.627940998
413.6631942,6.754827902
414.9228277,6.744838362
416.0971097,6.255475231
417.2850439,6.237193521
418.433148,6.620621979
419.7210314,6.70504674
420.907858,6.297714286
422.0509279,6.913572378
423.250895,7.06550072
424.3991719,6.459021473
425.7261418,6.627083513
426.8767315,6.12440155
428.0666629,6.950297619
429.2908586,7.075550238
430.4512243,6.869460925
431.6459755,7.07979953
432.7886374,6.59836021
434.1165352,6.539033011
435.1588217,6.515304688
436.3475223,7.232556213
437.4921763,6.432796226
438.5921578,6.486895761
439.8419851,7.139026818
441.0316694,6.885339399
442.1990527,7.601747387
443.4047021,6.876820648
444.6150569,7.162642262
445.8436989,7.081767915
447.1008737,6.870749441
448.3911378,7.532718824
449.6210038,6.767376091
450.7942655,7.358289341
452.0520721,6.808349526
453.2250038,6.64224463
454.4591961,7.198206779
455.726619,7.197710024
456.9650723,6.857966118
458.2548535,7.256232422
459.3980359,7.219602612
460.5416182,6.504206702
461.6150967,7.755072158
462.9354005,6.225923589
464.0926224,5.953615257
465.5030685,4.263038449
466.7545874,3.973232974
468.0254289,6.578087717
469.180311,6.545827484
470.4159995,4.941094566
471.4772848,4.321241466
472.6262765,5.405567133
473.7714668,5.339481218
474.9168086,4.846954658
476.0639748,4.467814528
477.2108536,4.686433298
478.3624756,4.311121925
479.5126667,4.566488072
480.6605143,4.78200471
481.863639,4.772134711
483.1767423,4.607814785
484.5937483,5.523314731
486.0328329,6.112936574
487.038391,5.062770435
488.2500464,6.663519734
489.3121955,6.303645447
490.6087762,6.534147766
491.8004427,6.331262259
492.9865608,6.63334267
494.1773107,6.312957892
495.4139025,6.592290583
496.6886228,6.838086532
497.8651792,6.866737573
499.0353298,7.095151539
500.2101769,6.825678966
501.3678634,6.867423416
502.5539255,6.801379665
503.6977781,7.119741792
504.8460858,6.838297309
505.9889658,7.056911385
507.1637193,7.252458938
508.3405568,7.412482206
509.4845646,7.078138462
510.6262395,7.551628002
511.7661543,7.165703375
512.9262157,7.040178139
514.111477,7.348284738
515.2520619,7.087949946
516.4005217,6.93468288
517.5385059,7.808346091
518.6820976,7.005254753
519.8243571,6.924402125
520.9666054,6.600651776
522.109664,6.746529348
523.2529803,6.725578679
524.3922934,7.528909319
525.5348145,7.367214171
526.6730187,6.561968268
527.8167443,7.04456139
528.966215,7.164412033
530.1075486,7.112041172
531.2494618,6.962403997
532.3919904,7.143666034
533.5367136,6.809485199
534.6761858,7.363694396
535.8168983,6.781181559
536.9625858,7.147728737
538.1069947,7.369436899
539.2477449,6.90763582
540.3864935,6.655873541
541.5310615,6.560568146
542.674831,6.848887797
543.8145094,6.778210727
544.954912,6.846930847
546.0955773,6.892843227
547.2373949,7.346643862
548.3857215,7.278352886
549.5283042,6.328564524
550.6681555,6.507016587
551.8049704,7.04741948
552.9455678,7.451245263
554.0959576,5.554129419
555.4697595,7.184751596
556.6064185,6.703293597
557.6844829,6.913676638
558.778481,7.089741615
559.942232,6.893946899
561.1226143,6.734177369
562.711016,4.398256942
563.8606489,4.439946233
565.0665743,3.950177818
566.3368865,3.807248727
567.3523677,4.687264151
568.511395,3.739970742
569.6673427,3.476375504
570.8223071,3.019638173
572.0442082,5.253092049
573.2164188,6.28056468
574.3926861,6.570750821
575.5133191,6.670676362
576.5816628,6.94635962
577.7658309,7.045167549
578.9134729,7.038580362
580.0617492,6.426542383
581.2108465,7.064768453
582.3603103,7.15616246
583.5117085,6.261193106
584.7622737,7.257428973
585.9213476,7.291504489
587.0666423,6.853350582
588.2171861,6.512500928
589.3616855,6.650125897
590.507568,6.842868824
591.6539766,6.756833288
592.7979794,6.708629588
593.9443226,6.902545851
595.0915566,6.825707181
596.2404107,7.019169444
597.3867495,6.551428784
598.5310132,6.427559353
599.6773168,6.982114621
600.8638127,6.784783912
602.02197,6.616440489
603.167789,6.93343891
604.309347,6.445993315
605.4536371,7.003865947
606.6002915,6.536457037
607.7431684,6.769680268
608.8855386,6.622616862
610.0539516,6.793684458
611.4474111,4.766773625
612.4211919,6.670721082
613.4664029,6.176335052
614.8072589,6.471687178
615.8907033,7.040425167
617.0531995,7.299406948
618.3016965,6.906625615
619.5648472,6.875023601
620.8129225,7.231005263
621.9694862,6.992161267
623.1305088,7.063690545
624.3166747,7.242473745
625.5359116,6.486308196
626.6704521,6.707366992
627.8317061,6.414082699
628.8917354,6.835730202
630.0950148,6.213652718
631.3528981,6.570899118
632.4975679,4.665225528
633.645909,5.436848816
634.7990013,5.337424632
635.8104428,5.195617519
637.027113,6.524491756
638.2299592,7.007951028
639.4130441,6.374344499
640.6270834,6.569162631
641.7702947,7.030129585
642.9145496,6.628548792
644.0602076,7.012085511
645.2067061,6.397429998
646.3503701,6.825247623
647.496988,6.348081599
648.6447193,6.871570835
649.7897801,6.241107506
651.0143158,7.798144844
652.3295986,6.118860971
653.6065675,7.046775395
654.7087857,6.622253723
655.8515318,6.851073346
656.9931835,6.638694321
658.1820846,7.359683678
659.3823113,7.304808755
660.5417159,7.499299839
661.6937477,6.928470176
662.8409729,7.071179238
664.099158,7.344547302
665.2854137,7.20150739
666.6645899,7.192343827
667.9586114,7.578641793
669.1051149,7.656891205
670.2486412,7.565305042
671.3937579,7.442588768
672.5376683,7.390395264
673.6841517,7.359656315
674.8295935,6.599392251
675.9733763,7.362441517
677.1168711,6.433855928
678.2622224,6.591558989
679.4514026,7.349484518
680.608808,7.145307028
681.78837,7.295644235
682.9605756,7.158678069
684.1107913,7.757568987
685.2580291,7.678052268
686.4079719,7.372617637
687.5558201,7.337140416
688.8331203,6.731117221
690.3587652,
691.4769333,6.885640483
692.6256446,6.829378902
693.7736846,6.385085775
694.9635959,6.956973561
696.1246556,7.243657346
697.286769,7.476488602
698.4740922,7.338271667
699.6205008,7.140621359
700.7607456,6.642302978
701.8995256,6.810945494
703.0714993,7.315036566
704.2872226,7.242891548
705.4480033,7.200828374
706.602869,6.846797135
707.9374178,7.171224469
709.1531959,7.107498522
710.3723398,7.36262966
711.5458127,6.970218694
712.7579377,7.531746889
713.9213052,7.400914462
715.0644229,6.953277767
716.2054051,7.230767755
717.3481311,7.055965139
718.549517,7.028720609
719.6902503,7.221214969
720.8961511,7.643811818
722.0981776,7.931962843
723.2546829,7.11616715
724.5282684,7.243764494
725.6031909,7.408051164
726.7722898,7.43030334
727.9253752,7.024976424
729.1728539,7.58123504
730.3159414,6.517110482
731.4632797,7.239625194
732.5166649,8.339646268
733.7823572,6.132765299
734.9118315,5.822448837
736.1733572,5.899382009
737.3427263,6.741868708
738.5374826,6.730435806
739.7406847,6.587189246
740.9563194,7.209288953
742.198481,6.433347239
743.3895905,6.656399256
744.6258554,6.244943394
745.8451181,7.152337796
747.0331498,7.341846007
748.1889516,7.055774604
749.3703404,6.926054884
750.515823,7.420736194
751.6565625,7.271037404
752.7992055,7.878018963
753.9920407,7.311172811
755.1487578,7.036980866
756.2830418,6.888346776
757.4332348,7.196348275
758.5733809,7.011400164
759.7143215,7.048172299
760.8693564,7.31195601
762.1976043,7.700651701
763.4912958,7.632587977
764.507542,7.539396122
765.6923223,7.221883102
766.8466896,7.385569943
767.9921703,7.086150677
769.1364434,6.851078007
770.2817714,7.424506742
771.4810734,6.958002297
772.6827001,6.789372154
773.8280186,7.198273253
774.9712991,7.003304287
776.2131967,7.615661856
777.3785947,7.664786646
778.5214521,7.002905102
779.6679934,6.877745067
780.9345758,7.396413761
782.0763388,7.069327184
783.2794189,7.422501255
784.4853028,7.297080413
785.6889311,7.404498382
786.8900788,7.509090227
788.0670118,7.838863733
789.2944895,7.413509123
790.4492012,7.054797493
791.6203419,7.170332293
792.8862442,7.619306191
794.0383301,7.573736617
795.1972216,7.69237305
796.3776725,7.422296044
797.6131736,7.502232076
798.7631133,7.279548117
799.9929787,7.589226736
801.1757939,7.519616956
802.385769,7.460898034
803.5944245,7.41735644
804.7438682,7.157965705
805.809307,8.229849899
806.9946556,7.578531121
808.1537383,7.469051447
809.3115857,7.668459551
810.4625564,7.580240717
811.6190591,7.227655106
812.7632945,7.399003524
813.9087841,7.910286522
815.0670772,7.387250789
816.3226452,6.715425188
817.4601359,7.175905914
818.5505557,7.552153792
819.6529738,7.42271997
820.7838216,6.745953787
822.0663414,7.605256749
823.3935829,7.383857
824.5667773,7.575341484
825.7051795,7.417266604
826.8851734,7.351724328
828.0483108,7.382716109
829.1908174,7.188425419
830.3356915,6.858936588
831.7520613,4.821874848
832.7028967,6.963910965
833.9334347,6.588084784
835.0992702,6.969396238
836.2438463,7.285448595
837.4390779,6.95760663
838.6529958,6.45876714
839.7987481,6.424234364
840.944916,6.364136466
842.0876929,6.81358217
843.2752242,5.810703741
844.4695272,5.340970976
845.7985942,4.769812079
847.0930206,5.071405546
848.2784792,4.286528561
849.3644011,3.22404869
850.6121211,2.194672205
851.9924879,2.334310687
853.2406046,0.5636583809
854.4191834,0.5677461482
855.7021678,0.01020376015
856.8516191,-1.007374899
857.9231249,-2.309901008
859.0740113,-2.816371565
860.227147,-3.638523065
861.3677728,-5.099921092
862.5068986,-5.029440877
863.815966,-6.863604535
865.0788734,-8.076685725
866.3938236,-9.768439595
867.7988942,-10.17981702
869.0016418,-11.04001126
869.9911506,-10.78089627
871.1266221,-12.78366334
872.1619816,-12.4302149
873.3134879,-12.76314037
874.4255443,-13.60100467
875.6244477,-14.35037383
876.7635207,-15.05401402
877.9295291,-16.96347418
878.9777023,-18.7829897
879.9780042,-19.095432
881.1346981,-19.06517148
882.2831127,-19.09067379
883.4729127,-19.84487963
884.6493177,-20.54968812
885.8019763,-20.30241627
886.9707526,-20.41019489
888.1846888,-20.65438027
889.3662945,-20.98797609
890.5191705,-20.60994764
891.6656603,-21.37785847
892.8121016,-21.16703157
894.0099753,-21.25341594
895.1765206,-21.3983686
896.3435864,-21.32306418
897.4966089,-21.4374606
898.6943852,-21.56466086
899.8552878,-21.73366459
901.0001412,-21.88136178
902.1476103,-22.04820945
903.3513895,-22.08862347
904.5118897,-22.69959709
905.6678267,-22.12732529
906.8193367,-22.68931625
907.9769584,-22.6993994
909.1223028,-22.50638135
910.273594,-23.14861732
911.420427,-22.34101043
912.5668381,-22.5491783
913.7096295,-22.32459934
914.8491564,-22.7213821
915.9915316,-22.87319017
917.1540159,-23.31987054
918.2988428,-22.8318095
919.4419957,-22.57445217
920.5907473,-22.8325752
921.7484375,-23.25673703
922.8918582,-22.9516177
924.0286316,-22.87662308
925.1792188,-22.94536185
926.3376188,-23.51710201
927.4930377,-22.60354731
928.6333171,-23.43021604
929.7962552,-23.47673748
930.9552109,-23.65808219
932.1134883,-22.82276257
933.2615364,-23.42575118
934.4165725,-23.09980607
935.5659722,-23.47715418
936.7150098,-23.51383072
937.8662665,-22.9370054
939.0185209,-23.8764095
940.2238245,-23.05392823
941.4010467,-23.30030328
942.5743895,-23.84004369
943.7313913,-23.69118409
944.8848496,-23.22984196
946.0372341,-23.27833499
947.1922746,-24.02721486
948.3382733,-23.92368918
949.4942939,-23.94264938
950.6421157,-23.86313742
951.7870457,-23.62742161
952.9400934,-23.83872284
954.092102,-23.86830246
955.2496765,-23.99028802
956.3991756,-23.94084657
957.5528463,-23.90763417
958.7029947,-23.44921989
959.8498452,-24.40780671
961.0046506,-24.30060341
962.1580962,-24.70656627
963.3057175,-23.25563311
964.4511253,-23.54963395
965.6092198,-23.89521876
966.7633129,-24.17868258
967.9163487,-24.10379925
969.0595713,-23.51459856
970.215624,-23.42483066
971.3654888,-23.92424521
972.5203835,-23.662363
973.6725631,-24.04526469
974.8176465,-24.0020995
975.9757661,-23.75996937
977.1234754,-24.06768863
978.2761138,-24.31570024
979.428482,-24.3149996
980.5750534,-23.69219993
981.7341386,-23.82155265
982.878203,-24.13995372
984.0304536,-23.75163158
985.1770791,-23.31092408
986.3240139,-24.28964502
987.4787727,-24.26107096
988.6247036,-23.78935607
989.7832387,-24.55736505
990.9336751,-24.20518933
992.0898352,-22.87500373
993.2364827,-23.95098438
994.4036572,-24.03367816
995.6035929,-23.84102031
996.7670459,-23.42214552
997.9250134,-23.95165585
999.0800664,-23.55956704
1000.229672,-24.06983792
1001.391746,-23.78038905
1002.547104,-24.14030622
1003.706044,-23.96275283
1004.85982,-23.87046705
1006.128734,-22.20800284
1007.332791,-23.61138129
1008.480403,-23.86788594
1009.613707,-24.15652795
1010.741825,-24.22946369
1011.898131,-23.92977147
1013.044935,-24.30347836
1014.189662,-24.16357512
1015.348327,-24.39897271
1016.49588,-24.4203522
1017.651467,-24.26977327
1018.802235,-24.03215159
1019.952172,-24.53488247
1021.094852,-24.19306564
1022.245172,-23.67503723
1023.393356,-23.76870647
1024.538364,-24.3668908
1025.689296,-23.90532086
1026.834388,-24.20641343
1027.987325,-23.26074055
1029.129958,-24.53904261
1030.274199,-24.52397191
1031.421799,-23.75480322
1032.57062,-23.97989791
1033.719403,-24.02410239
1034.878151,-24.87849784
1036.023493,-24.23021796
1037.178424,-24.40553681
1038.32918,-24.1229789
1039.482842,-24.32341331
1040.627112,-23.84093503
1041.770692,-24.12184964
1042.916599,-24.50458424
1044.076223,-23.54349153
1045.220217,-24.4528519
1046.372762,-24.12600514
1047.530126,-24.52366243
1048.694978,-24.73942302
1049.845883,-24.43450024
1050.996347,-24.19149325
1052.142512,-24.25770967
1053.301635,-24.12562133
1054.449451,-23.58619898
1055.601823,-24.17909773
1056.745174,-24.11686161
1057.88623,-23.60409996
1059.041601,-23.72745385
1060.190508,-23.88706134
1061.330046,-24.37569028
1062.488487,-24.73604268
1063.636586,-24.32827481
1064.789218,-23.8708363
1065.941186,-24.02247377
1067.100526,-24.38626334
1068.251368,-23.81611565
1069.400714,-23.69750278
1070.558026,-23.9577328
1071.708462,-24.08984714
1072.858708,-23.92805706
1074.003678,-23.52513754
1075.148377,-24.10750035
1076.297494,-23.5915084
1077.444402,-23.57254707
1078.584563,-23.96546454
1079.735996,-23.80548065
1080.892654,-24.88067442
1082.045896,-24.62680158
1083.190657,-23.57662325
1084.342699,-24.08366843
1085.487466,-24.58424708
1086.649355,-23.80801755
1087.792725,-23.87949312
1088.930286,-24.35607857
1090.072041,-24.13671827
1091.225445,-24.19501753
1092.372516,-24.07203097
1093.52264,-24.04478262
1094.672884,-24.23035385
1095.818078,-24.57415223
1096.974551,-24.43604359
1098.121956,-24.13413358
1099.275899,-23.9826439
1100.425022,-24.23881918
1101.594832,-24.12034445
1102.795368,-24.7748122
1103.953859,-24.04282467
1105.097682,-23.99244085
1106.257037,-24.12938899
1107.405841,-24.4407554
1108.563687,-23.66158516
1109.713887,-23.55510038
1110.866744,-24.0987359
1112.012773,-23.76362364
1113.161433,-23.4443177
1114.304618,-24.28606472
1115.448127,-23.83013349
1116.610258,-24.44173061
1117.758387,-23.63271209
1118.908855,-23.80335588
1120.063629,-24.25677138
1121.231084,-24.8767086
1122.379673,-23.84611934
1123.534451,-24.21678832
1124.682143,-24.20507361
1125.848434,-24.18562427
1126.997865,-23.66670469
1128.152575,-23.84306352
1129.301579,-24.10767436
1130.451072,-23.8551393
1131.603518,-24.14950034
1132.758819,-24.48724116
1133.904477,-23.74454123
1135.053582,-24.06606881
1136.201919,-24.63998141
1137.348819,-23.66998471
1138.504767,-23.79544985
1139.656978,-24.26405705
1140.824623,-24.50132827
1141.983956,-23.99028034
1143.132589,-24.32990771
1144.281925,-23.58372882
1145.435751,-23.73785021
1146.585218,-24.26890304
1147.731771,-24.1836647
1148.88188,-23.93617614
1150.030003,-23.94994687
1151.176695,-24.31922461
1152.322877,-24.42844252
1153.47212,-23.8815645
1154.620624,-24.00728878
1155.768623,-23.99216784
1156.915704,-24.21725966
1158.066457,-24.1095197
1159.218821,-24.31225387
1160.373818,-24.52169182
1161.519261,-23.73657851
1162.67782,-24.42846601
1163.826764,-23.91141679
1164.971363,-24.653289
1166.127948,-23.93430113
1167.272919,-24.20331836
1168.425653,-23.72855482
1169.576672,-24.69220469
1170.727431,-24.44204523
1171.883275,-23.72010161
1173.045089,-24.1864891
1174.191838,-23.32166748
1175.342677,-23.5634936
1176.495786,-24.00190067
1177.644113,-23.28752428
1178.799238,-24.0712716
1179.947717,-23.6569415
1181.108495,-24.25419738
1182.258501,-23.84979875
1183.423318,-24.15778596
1184.571444,-23.96312672
1185.725879,-23.99029693
1186.874467,-23.63026447
1188.030651,-23.89410429
1189.177383,-23.5299046
1190.321305,-23.67150638
1191.480696,-23.87078911
1192.636319,-23.70064928
1193.791039,-24.07376943
1194.938661,-23.63574183
1196.094141,-23.79315034
1197.240237,-23.59416499
1198.38433,-24.34799509
1199.54223,-23.77718142
1200.69277,-23.97256274
1201.844315,-24.15957493
1202.999541,-24.35134207
1204.154941,-24.08997639
1205.299859,-23.75386292
1206.442542,-23.64291645
1207.596067,-23.21862648
1208.742806,-24.42911481
1209.895018,-23.68638262
1211.044799,-23.48603074
1212.196555,-24.1691408
1213.349612,-24.16795144
1214.506836,-23.87333476
1215.656761,-23.70278071
1216.814935,-23.35474911
1217.967831,-23.64859368
1219.113464,-24.14107639
1220.259744,-23.96619995
1221.420834,-24.14695205
1222.569155,-23.72377939
1223.724234,-24.2570724
1224.870811,-23.3746873
1226.016593,-23.96797005
1227.167219,-23.87079949
1228.313878,-24.23740757
1229.474282,-24.07815434
1230.619283,-23.86008651
1231.768985,-23.81790014
1232.917284,-24.10495399
1234.059311,-24.27615002
1235.219159,-24.42923027
1236.382514,-23.95355523
1237.535562,-23.83875943
1238.695263,-24.15158865
1239.846886,-23.77033014
1241.004189,-23.8956239
1242.152747,-23.42770576
1243.299229,-23.75081558
1244.446918,-24.23578857
1245.595145,-24.27267308
1246.752481,-24.07283119
1247.903732,-24.16088143
1249.056624,-24.60137684
1250.208393,-23.76865931
1251.363268,-23.85626965
1252.513391,-24.17174555
1253.67069,-23.68067054
1254.815703,-23.73849806
1255.962833,-24.05343918
1257.117859,-24.51290904
1258.263274,-24.03628392
1259.407778,-23.56306899
1260.565189,-23.71099328
1261.714741,-24.1158873
1262.87103,-24.09767536
1264.016967,-23.95955826
1265.16484,-24.24652781
1266.318492,-24.19524364
1267.467902,-23.4005483
1268.62606,-24.02408717
1269.772124,-24.17392793
1270.929883,-23.71127556
1272.083876,-23.52693463
1273.239928,-24.00486479
1274.387323,-24.03330371
1275.541867,-24.15504245
1276.696007,-24.67605894
1277.858015,-23.04330898
1279.006659,-23.92404746
1280.16122,-23.94133691
1281.307961,-24.04806154
1282.455698,-23.6567398
1283.609236,-24.50402813
1284.758108,-23.78850068
1285.923676,-24.14143495
1287.076342,-23.78434263
1288.230674,-23.8413387
1289.376633,-24.88207801
1290.533365,-24.03513469
1291.682712,-24.23368214
1292.827768,-24.09082824
1293.987243,-23.99998796
1295.133898,-24.17964999
1296.286813,-23.40256919
1297.435029,-23.68977817
1298.588498,-24.39845308
1299.737587,-23.86751711
1300.885968,-24.03702384
1302.039367,-23.77161816
1303.189716,-23.56308383
1304.339631,-24.16847291
1305.487752,-23.97511562
1306.636253,-23.76944328
1307.784692,-24.02994249
1308.931433,-23.47831848
1310.089939,-23.78437048
1311.234946,-23.7441412
1312.389883,-23.72100282
1313.538331,-24.40640836
1314.68152,-23.22106676
1315.83301,-23.93866458
1316.973672,-23.8853751
1318.118857,-23.59414419
1319.272007,-24.22162016
1320.418791,-23.9021918
1321.574699,-23.79820817
1322.725859,-23.98901294
1323.872583,-23.63688434
1325.019582,-24.2008287
1326.169709,-23.12187278
1327.324204,-23.97548423
1328.469396,-24.0177721
1329.620837,-23.63806068
1330.768878,-23.7207127
1331.914387,-23.94127592
1333.063621,-23.60076338
1334.214495,-24.07710526
1335.358091,-23.93901657
1336.501936,-24.35531925
1337.657972,-23.97702618
1338.803313,-24.10409989
1339.946284,-23.33242929
1341.104345,-23.64632734
1342.245466,-23.84150124
1343.399323,-23.332507
1344.545698,-24.02148358
1345.688167,-24.37561332
1346.850409,-23.40689552
1347.995667,-23.69279268
1349.145267,-23.92694813
1350.290589,-24.21294807
1351.438051,-23.60362189
1352.594357,-23.95694338
1353.745188,-23.74873341
1354.889362,-24.01209274
1356.04233,-23.31210588
1357.190955,-23.43343372
1358.350762,-23.61784211
1359.501707,-24.00830205
1360.661461,-23.51543266
1361.80912,-23.95159131
1362.968149,-23.44283128
1364.118458,-23.91248686
1365.274294,-23.30167286
1366.424119,-24.06848622
1367.579656,-24.27968587
1368.730051,-23.50297456
1369.885268,-24.06432376
1371.038838,-23.81121645
1372.182255,-23.78538431
1373.328302,-23.43071685
1374.473994,-23.44846682
1375.621966,-24.08527038
1376.773038,-24.0103511
1377.915006,-24.10164145
1379.061632,-23.17982971
1380.219001,-23.67874033
1381.37391,-24.00440251
1382.518326,-23.82653796
1383.661319,-23.90369092
1384.806134,-24.0125294
1385.964262,-23.70234247
1387.118262,-23.39197891
1388.279142,-23.96738613
1389.425208,-23.6605969
1390.579021,-23.39182897
1391.733547,-24.10132144
1392.894645,-24.09081524
1394.042929,-23.70646509
1395.198916,-23.68098908
1396.351466,-23.73097339
1397.508807,-24.00083358
1398.655835,-23.45224231
1399.808241,-24.27597667
1400.958495,-23.7475362
1402.108438,-23.58226506
1403.254871,-24.01926625
1404.402154,-23.44989028
1405.565907,-23.45437029
1406.709339,-24.20345667
1407.862861,-23.89364852
1409.013717,-24.50345838
1410.156043,-23.8561637
1411.3095,-23.89099977
1412.45829,-23.34127415
1413.61623,-23.66567496
1414.759873,-23.31686297
1415.910134,-23.74023465
1417.067557,-24.00058907
1418.219442,-23.67746066
1419.371762,-23.41815088
1420.517568,-24.25375507
1421.668509,-23.76618892
1422.822109,-23.76279057
1423.976923,-23.78414271
1425.124326,-23.79612832
1426.271722,-23.44798823
1427.431179,-23.48116826
1428.57702,-24.07356954
1429.7269,-24.11831362
1430.872834,-23.88869844
1432.016638,-23.91512485
1433.169341,-23.45554972
1434.316108,-23.78721027
1435.460647,-24.21619417
1436.615833,-23.24766947
1437.76337,-23.58809956
1438.919585,-23.29434432
1440.069238,-23.93708604
1441.217453,-23.5749207
1442.36672,-23.90236005
1443.515397,-23.26376981
1444.66603,-24.37810901
1445.813405,-23.85373999
1446.965662,-24.27342588
1448.120222,-23.76741885
1449.262817,-23.83221569
1450.414345,-24.18796063
1451.56747,-24.1690985
1452.718413,-23.76470675
1453.864982,-23.93744359
1455.021225,-23.63375188
1456.175129,-23.66305715
1457.336291,-24.37042926
1458.487269,-23.96873274
1459.632947,-23.49004582
1460.778198,-23.89519677
1461.938116,-24.05816604
1463.090957,-23.53038248
1464.238306,-23.90600721
1465.389017,-23.27660488
1466.551088,-23.78318994
1467.699352,-23.70289993
1468.849558,-23.26716552
1469.998738,-23.32134005
1471.141808,-23.95414369
1472.293647,-23.65557637
1473.445587,-23.49477245
1474.600581,-23.78031632
1475.742786,-23.45028359
1476.887851,-23.97652366
1478.042161,-24.01066374
1479.191312,-23.54696546
1480.339973,-23.29036021
1481.487814,-24.14250403
1482.634354,-23.97764256
1483.783324,-23.4942362
1484.930783,-23.44123408
1486.072151,-23.56421883
1487.225291,-23.09242974
1488.3726,-23.43808455
1489.526764,-23.97867148
1490.679871,-23.32083446
1491.827824,-23.95824237
1492.982481,-23.6173964
1494.132834,-23.45788069
1495.286905,-24.05438542
1496.438725,-23.54178636
1497.581253,-23.26326322
1498.723571,-24.39710613
1499.868704,-23.33166745
1501.02976,-23.7599574
1502.178869,-23.61630124
1503.325958,-23.86024141
1504.481853,-23.82458412
1505.629307,-23.21830259
1506.772934,-23.45716998
1507.928994,-24.07755108
1509.080862,-23.57596282
1510.241066,-23.44669184
1511.385087,-23.85716675
1512.532891,-24.45135415
1513.680804,-23.69145632
1514.827434,-23.18000647
1515.979812,-23.29421688
1517.127368,-23.3361557
1518.285893,-23.51303875
1519.443455,-23.69178847
1520.590712,-23.46719291
1521.737569,-23.57290778
1522.892445,-23.11773676
1524.038751,-23.28938652
1525.194693,-23.40387896
1526.346398,-23.76912001
1527.507785,-23.47798815
1528.655041,-23.60660436
1529.802442,-22.96346441
1530.946406,-23.99973389
1532.092208,-23.14433789
1533.244388,-23.91757831
1534.391961,-23.57587846
1535.539375,-23.04973964
1536.677608,-23.28697133
1537.779872,-23.33621086
1538.868379,-23.23926047
1540.009391,-23.36516332
1541.160294,-23.59629209
1542.31436,-23.31920259
1543.460516,-23.39408388
1544.603079,-23.4222365
1545.756313,-23.27551746
1546.90796,-23.17397288
1548.056806,-23.01129117
1549.211277,-23.69845504
1550.357138,-23.36607874
1551.505338,-23.59846138
1552.650888,-23.35805149
1553.801641,-23.85762171
1554.951631,-23.19514914
1556.095475,-23.64541471
1557.251107,-23.7425424
1558.399575,-22.88460739
1559.550097,-23.64115272
1560.70588,-23.93488134
1561.846313,-23.8462186
1562.999692,-23.94853312
1564.151458,-23.77960264
1565.313677,-23.50039987
1566.464765,-23.79598389
1567.618463,-23.28383941
1568.768168,-22.91705644
1569.922473,-23.69470714
1571.068993,-23.22442372
1572.210983,-23.79247045
1573.350745,-23.21632436
1574.503398,-23.30108322
1575.657202,-23.56251769
1576.815675,-23.64215072
1577.962091,-23.4981077
1579.111426,-23.26329716
1580.264835,-23.58931445
1581.404146,-23.1208565
1582.563784,-23.61170459
1583.712033,-23.72139044
1584.861994,-23.88805354
1586.011062,-24.19975858
1587.161193,-23.55199602
1588.316595,-23.49860397
1589.463804,-23.80436953
1590.610513,-23.73787219
1591.753329,-23.12790559
1592.894445,-23.17311061
1594.043124,-22.95672084
1595.195848,-23.75451356
1596.34579,-23.52682907
1597.492177,-23.32849269
1598.63642,-24.15517076
1599.778394,-22.89688144
1600.930433,-23.32779559
1602.073328,-23.80526735
1603.217423,-23.24453372
1604.373266,-23.12910537
1605.520799,-23.16499288
1606.67755,-24.00899102
1607.822726,-23.41469322
1608.975593,-23.76309552
1610.109606,-23.78069708
1611.24647,-24.10558825
1612.389255,-23.59516141
1613.539308,-23.46638479
1614.685339,-23.67248433
1615.830667,-23.29331364
1616.98725,-23.42636846
1618.13369,-23.31779022
1619.283375,-23.57352159
1620.437842,-23.2528363
1621.58438,-23.17459779
1622.738911,-23.25767095
1623.890278,-23.81085149
1625.047307,-23.33485777
1626.192886,-23.68953098
1627.33379,-23.36903098
1628.489379,-23.35271041
1629.631359,-23.25414198
1630.784885,-23.50700415
1631.935508,-23.10550872
1633.090734,-23.52318169
1634.237648,-23.5800956
1635.381423,-23.17916097
1636.524387,-23.79223648
1637.665398,-22.79906627
1638.805115,-23.25602382
1639.960717,-23.1962508
1641.115048,-23.53685598
1642.268614,-23.48875274
1643.414716,-23.52936972
1644.561937,-23.33013457
1645.70165,-23.81534555
1646.850084,-22.99101778
1648.001334,-23.25797164
1649.145263,-23.09058463
1650.291343,-23.5054301
1651.442179,-23.44839917
1652.58138,-23.78103999
1653.726242,-22.74411172
1654.874561,-23.81013085
1656.018004,-23.246551
1657.164376,-23.0234564
1658.317784,-23.15820224
1659.462184,-22.95417403
1660.608405,-23.1768818
1661.754357,-24.13679522
1662.904622,-22.94667481
1664.058988,-23.8943057
1665.195888,-23.0773722
1666.340365,-23.92227929
1667.492394,-23.6555652
1668.640169,-22.85648606
1669.792464,-22.79012784
1670.939417,-23.67236417
1672.082921,-23.34816912
1673.223328,-23.13276953
1674.377115,-22.61899785
1675.518598,-23.35389184
1676.66527,-23.85894731
1677.812641,-23.53431045
1678.961273,-23.57926885
1680.11715,-23.46599159
1681.266017,-23.67405676
1682.422748,-23.1911687
1683.568309,-22.91669579
1684.72037,-23.91693272
1685.87165,-23.62979684
1687.013376,-22.98083193
1688.157805,-23.44455976
1689.312653,-23.7243612
1690.463384,-23.57463289
1691.618468,-23.37920407
1692.770071,-22.99749855
1693.921526,-23.42125003
1695.064441,-23.44275825
1696.219532,-23.5007725
1697.362661,-23.63424119
1698.508502,-23.31484001
1699.647384,-23.60990218
1700.803017,-22.83786784
1701.951171,-23.7714705
1703.100351,-23.23611596
1704.25955,-23.62810676
1705.409174,-23.51729648
1706.552413,-23.95842156
1707.708115,-23.66422151
1708.856955,-22.69348963
1710.012438,-23.40792807
1711.160117,-23.13317055
1712.302764,-23.42837513
1713.45452,-23.3293694
1714.596145,-23.5069199
1715.737281,-23.24792524
1716.886813,-23.40115488
1718.034651,-23.35652075
1719.188493,-23.43041308
1720.334843,-23.80623096
1721.471308,-22.74844567
1722.619813,-23.30449058
1723.77219,-23.4419856
1724.917529,-23.12564137
1726.07435,-23.16600781
1727.21998,-23.47630683
1728.362249,-23.82480203
1729.510759,-23.84511831
1730.652289,-23.41292958
1731.798437,-23.63100554
1732.941859,-23.31982208
1734.086347,-23.21749477
1735.2254,-23.59594731
1736.380898,-23.45264343
1737.524765,-23.67981647
1738.670477,-23.06054843
1739.827856,-23.4803532
1740.97622,-23.43098652
1742.127386,-23.00503833
1743.278792,-23.30515244
1744.419932,-23.24127638
1745.563646,-23.12204172
1746.713024,-23.65297892
1747.861115,-23.60642751
1749.004613,-23.6633273
1750.158715,-23.3853052
1751.305348,-23.27225835
1752.45162,-23.48593264
1753.598882,-23.50227556
1754.742683,-23.76198624
1755.886602,-23.89327136
1757.043499,-23.23821005
1758.18753,-23.77417089
1759.339197,-23.81207554
1760.484595,-23.56504147
1761.627005,-23.64793735
1762.783546,-23.15556439
1763.933663,-23.61256119
1765.087815,-23.1068189
1766.226786,-23.92676308
1767.370577,-22.50744283
1768.518232,-23.45596968
1769.672351,-23.83485463
1770.814946,-23.30261704
1771.958423,-23.2459335
1773.102857,-22.89732381
1774.253959,-23.39134123
1775.403902,-23.0918811
1776.556554,-23.76330863
1777.701672,-23.60375868
1778.844559,-23.40148232
1779.999012,-23.38450554
1781.145747,-23.58673504
1782.294317,-23.86736702
1783.448219,-23.2426217
1784.603906,-23.12909667
1785.746599,-22.72828713
1786.89343,-23.38205001
1788.053983,-23.44339454
1789.201783,-23.46103756
1790.346628,-24.29849309
1791.489572,-23.4392496
1792.627127,-23.32674173
1793.777853,-23.75916563
1794.923881,-23.04038025
1796.067853,-23.23183815
1797.222482,-23.39664681
1798.364883,-23.30767711
1799.51526,-24.11261201
1800.666676,-23.57158938
1801.817765,-23.66806013
1802.973831,-22.82594872
1804.120864,-23.33421867
1805.277429,-23.63601494
1806.425612,-23.88156308
1807.57583,-23.62398234
1808.718329,-23.10467333
1809.856931,-23.61452518
1811.004866,-23.72693196
1812.14517,-23.35577091
1813.284768,-23.62917467
1814.425239,-22.66442745
1815.580843,-23.85896712
1816.736107,-22.84716563
1817.889349,-23.22939807
1819.035282,-23.55084213
1820.180442,-23.38671206
1821.333807,-23.28498242
1822.477831,-23.38606762
1823.617282,-23.87913896
1824.770066,-23.68999501
1825.912258,-23.36831995
1827.056907,-23.42452709
1828.214787,-22.60065485
1829.358757,-23.3634667
1830.510443,-22.98323604
1831.658852,-23.26554369
1832.808505,-23.08684578
1833.957978,-23.51286612
1835.103199,-23.42479241
1836.245821,-23.9362082
1837.403108,-23.19372319
1838.552282,-24.02453175
1839.695802,-23.18033349
1840.837048,-22.94422913
1841.986793,-23.34220791
1843.1318,-23.64460103
1844.286362,-23.82472067
1845.435802,-23.64505311
1846.594976,-23.04280668
1847.7425,-23.02722834
1848.900406,-24.26534035
1850.053509,-23.44930433
1851.216142,-23.56791139
1852.367966,-23.29581095
1853.534037,-23.39998124
1854.68047,-23.12363618
1855.834268,-23.78623502
1856.991461,-23.65567501
1858.145258,-23.38688374
1859.302459,-23.5018792
1860.452713,-23.65290053
1861.602257,-23.12628712
1862.756632,-23.19925776
1863.908438,-23.28586095
1865.064572,-23.32143969
1866.218223,-23.81948685
1867.379135,-23.43960452
1868.540579,-23.54635129
1869.694192,-23.43451511
1870.843985,-23.28916813
1872.000992,-23.56968011
1873.161696,-24.47791669
1874.311723,-23.46313661
1875.459897,-23.42249344
1876.616587,-23.05002992
1877.766812,-23.24139318
1878.928579,-23.50337395
1880.081088,-23.88886235
1881.233788,-22.9928183
1882.388811,-23.3137451
1883.547552,-23.72019989
1884.69437,-23.74711773
1885.849629,-23.67698524
1887.003774,-23.64432574
1888.163408,-23.94115469
1889.310206,-23.23261057
1890.455222,-23.16024842
1891.621406,-23.21537726
1892.772284,-23.32839821
1893.920986,-23.72075593
1895.067543,-23.2820897
1896.221915,-23.61151266
1897.374887,-23.35938153
1898.531951,-23.37216344
1899.685564,-23.70996749
1900.844044,-23.66875271
1901.995687,-23.65741624
1903.153983,-23.61979989
1904.313498,-23.27246622
1905.471171,-23.12964227
1906.623038,-23.35659632
1907.776854,-22.9886322
1908.923044,-23.02385661
1910.073089,-23.34272688
1911.220701,-23.26444323
1912.372636,-23.08169211
1913.52041,-23.29310286
1914.668637,-23.14324946
1915.815721,-23.0041967
1916.968074,-23.42853457
1918.11648,-23.87690695
1919.271517,-23.57119259
1920.422388,-24.0055612
1921.573117,-23.56873127
1922.72,-24.01507677
1923.872522,-23.46038101
1925.024532,-23.37750757
1926.182094,-23.17451689
1927.333152,-23.28106784
1928.483064,-23.43860017
1929.640076,-23.3611001
1930.782562,-23.697143
1931.94203,-23.58076272
1933.093126,-23.28422735
1934.243484,-23.25716335
1935.392972,-23.14043162
1936.543381,-23.40258775
1937.698355,-23.22086669
1938.847627,-23.77702318
1940.004074,-23.71450332
1941.149014,-24.0107838
1942.300159,-23.38368751
1943.444002,-23.24886087
1944.591764,-23.35351781
1945.741152,-23.59396181
1946.899596,-23.54363789
1948.050665,-24.11815394
1949.197043,-23.2095696
1950.351502,-22.58453018
1951.50726,-23.6877825
1952.64773,-22.73623221
1953.795613,-23.46699676
1954.950641,-22.97156105
1956.098207,-22.96811502
1957.239768,-23.0382188
1958.393736,-23.00960937
1959.544059,-23.73121812
1960.703797,-23.34726631
1961.854057,-23.95897112
1963.012074,-23.1756096
1964.162984,-23.05559792
1965.320436,-23.75786495
1966.466746,-22.88588207
1967.616084,-23.6192634
1968.767699,-23.31919048
1969.912747,-23.10220793
1971.069497,-23.52617591
1972.222652,-23.5647579
1973.382792,-23.23552473
1974.534563,-22.39559385
1975.693363,-22.95735185
1976.841157,-23.34163441
1978.00316,-23.74904412
1979.154347,-22.95328154
1980.30779,-22.85596166
1981.460594,-22.73587947
1982.611165,-23.67069103
1983.756828,-22.98848026
1984.905227,-23.56109283
1986.063921,-23.50475896
1987.213862,-23.14747703
1988.372319,-23.03207908
1989.525887,-23.42116975
1990.686637,-23.17422395
1991.835668,-23.20941524
1992.990839,-23.08972219
1994.138825,-23.60348919
1995.295454,-23.09555893
1996.440803,-23.37573825
1997.589551,-23.72065398
1998.746685,-23.29274062
1999.902085,-22.9051703
2001.045881,-22.93354753
2002.188027,-23.76799704
2003.3334,-22.99991285
2004.4895,-23.08590813
2005.64212,-23.25838678
2006.801722,-22.923062
2007.945653,-22.68557304
2009.102348,-23.26190911
2010.253351,-22.86702559
2011.393179,-23.24689285
2012.545843,-23.26802187
2013.692806,-23.34618217
2014.847491,-22.88897405
2015.997851,-22.94130234
2017.148698,-23.30632965
2018.302217,-22.04835676
2019.452501,-22.99485959
2020.612215,-22.59163912
2021.7616,-22.62370652
2022.913201,-23.4717948
2024.058779,-22.92574421
2025.220036,-23.23146822
2026.37305,-22.92235034
2027.526887,-23.10835553
2028.671801,-22.78099932
2029.820672,-22.59260983
2030.97224,-22.68456404
2032.120532,-22.45894447
2033.278152,-22.75430876
2034.428334,-22.46487997
2035.583017,-22.95636646
2036.733421,-22.59647733
2037.89093,-23.1956448
2039.03483,-23.17107534
2040.180368,-22.68937924
2041.338783,-22.83429198
2042.486832,-23.14986406
2043.644059,-22.39837293
2044.794931,-23.12883887
2045.939841,-22.55216078
2047.08884,-23.03422374
2048.236875,-23.08763476
2049.390223,-23.49095191
2050.53616,-22.97919983
2051.687692,-23.20299706
2052.841102,-23.00217357
2053.990855,-23.20389286
2055.147353,-22.39442721
2056.292548,-22.2108695
2057.441532,-22.48246635
2058.593171,-22.75452095
2059.744351,-22.63767223
2060.890434,-23.00238451
2062.041891,-22.97526929
2063.204947,-22.53141362
2064.352264,-22.9335318
2065.508237,-23.10448314
2066.658365,-22.33394294
2067.819448,-22.6597374
2068.962436,-22.53363796
2070.112998,-22.18266201
2071.267144,-22.22793368
2072.418628,-22.73355688
2073.564174,-23.00615949
2074.713378,-22.88409744
2075.873245,-22.11314785
2077.023748,-23.03015306
2078.176434,-23.25569268
2079.329659,-21.92164092
2080.476152,-22.74139908
2081.623376,-22.17766923
2082.770586,-22.67806988
2083.915277,-23.00064092
2085.06154,-23.33181245
2086.217475,-22.77389664
2087.368597,-23.1386368
2088.528392,-22.33742117
2089.67185,-22.96174082
2090.827902,-22.94160367
2091.979757,-22.74287183
2093.136308,-22.46765344
2094.282294,-22.27879904
2095.435789,-22.77393741
2096.58728,-22.98602668
2097.738539,-22.28545634
2098.887379,-22.58999468
2100.033022,-22.81417586
2101.181348,-23.21912593
2102.327408,-22.96358314
2103.47727,-22.59521817
2104.628897,-23.10351219
2105.779481,-22.05659542
2106.934137,-22.36990502
2108.082743,-22.89423625
2109.230399,-22.61036476
2110.377585,-23.10606732
2111.52541,-22.14475236
2112.670806,-23.33416934
2113.821471,-22.49168544
2114.973459,-22.92415991
2116.117283,-22.56766433
2117.250249,-22.76920361
2118.392345,-23.39176511
2119.540218,-23.31021488
2120.688385,-22.62610776
2121.824542,-22.70341814
2122.950712,-22.8223903
2124.086292,-22.48256835
2125.229886,-23.30706529
2126.380548,-23.26118409
2127.53854,-22.81117782
2128.685127,-22.52821602
2129.843202,-22.80509967
2130.988539,-22.30527142
2132.139784,-23.00853274
2133.288567,-22.91505556
2134.435909,-23.12862651
2135.58087,-22.91505636
2136.726141,-22.80784824
2137.872143,-23.06409843
2139.028549,-22.87331515
2140.19233,-23.13496733
2141.347791,-23.05017879
2142.492773,-22.66376764
2143.639683,-23.42493984
2144.797272,-22.48862134
2145.949638,-22.11910565
2147.111346,-23.19211656
2148.260369,-22.75672764
2149.412211,-23.38346171
2150.562558,-23.1028603
2151.708788,-23.12701052
2152.867061,-23.15007884
2154.019479,-22.30367796
2155.164529,-22.62994311
2156.31163,-22.51402284
2157.47132,-23.09558027
2158.628223,-23.49909309
2159.774282,-22.84024445
2160.935913,-23.22388687
2162.081169,-22.50880984
2163.233824,-22.57729456
2164.386357,-22.7331462
2165.535645,-22.42295621
2166.692606,-22.83453185
2167.840457,-22.52286256
2168.985419,-22.92288877
2170.134613,-22.92469424
2171.287105,-22.94514237
2172.440203,-22.11785859
2173.596716,-22.24982365
2174.744708,-22.5842254
2175.899171,-22.32640879
2177.048864,-22.93234564
2178.204398,-22.55363927
2179.352843,-22.42488337
2180.509308,-22.82660255
2181.660266,-22.70825548
2182.813005,-22.6078038
2183.970162,-22.91790744
2185.122033,-22.63403006
2186.284396,-22.32068284
2187.44184,-23.19487986
2188.590511,-22.41975456
2189.736912,-22.6997058
2190.898386,-22.48038008
2192.054217,-23.37847855
2193.208907,-22.43581772
2194.36396,-23.03131268
2195.514281,-22.72026927
2196.661166,-22.63871877
2197.810217,-22.16056395
2198.969471,-23.2930067
2200.132543,-22.9033717
2201.284799,-22.315518
2202.442304,-22.95163834
2203.596144,-23.01306111
2204.759319,-22.42623358
2205.90997,-22.91293607
2207.067824,-22.76360515
2208.216539,-22.76462558
2209.375505,-22.51155521
2210.526735,-23.13486777
2211.622674,-23.35750048
2212.756236,-22.82654937
2213.907447,-22.70984842
2215.069021,-22.77550035
2216.216913,-23.00031744
2217.371585,-22.45894923
2218.520648,-22.7818571
2219.681713,-22.51482131
2220.833531,-23.19218348
2221.991954,-22.81730617
2223.145354,-22.56299411
2224.303333,-22.74181003
2225.450121,-22.24797134
2226.604748,-22.77965255
2227.768238,-23.43916688
2228.917942,-22.55984045
2230.065616,-22.79455162
2231.216903,-22.94590559
2232.377429,-22.68148226
2233.527315,-22.98818964
2234.677415,-22.74649212
2235.828468,-22.69225374
2236.988847,-22.32772261
2238.134487,-22.22838108
2239.284953,-23.13022232
2240.434409,-23.0324148
2241.578457,-22.39507877
2242.737467,-22.98013122
2243.89045,-22.62563112
2245.047602,-22.8466963
2246.194766,-22.92237516
2247.357458,-22.5085834
2248.50896,-22.49863654
2249.666582,-22.83242875
2250.817183,-23.00278539
2251.9723,-22.71941529
2253.124757,-22.70236351
2254.286203,-22.75094376
2255.434734,-22.86940287
2256.590761,-22.88372193
2257.744799,-22.26279456
2258.902295,-22.57715675
2260.045397,-22.94648624
2261.192838,-22.20023615
2262.339662,-21.96203612
2263.487149,-23.0286482
2264.638557,-22.65445549
2265.786004,-22.29042747
2266.945973,-22.96981256
2268.098133,-22.78073061
2269.244253,-22.79873405
2270.386596,-22.77805726
2271.546688,-22.87809127
2272.693995,-23.54724765
2273.839349,-22.91745293
2274.997167,-23.13841258
2276.140006,-22.08031212
2277.286607,-22.88860451
2278.437477,-22.30010272
2279.594542,-22.74555547
2280.744169,-22.51391255
2281.893297,-22.76885707
2283.051474,-23.3672199
2284.197621,-22.79529344
2285.348385,-22.29352149
2286.510209,-23.01345867
2287.661954,-23.07993916
2288.805852,-22.85688696
2289.953557,-23.31216667
2291.109739,-22.98950026
2292.258804,-22.56277926
2293.403928,-23.1174662
2294.564395,-22.91034313
2295.717316,-22.50423145
2296.877184,-22.57215608
2298.021784,-22.40329764
2299.181682,-22.34903876
2300.331282,-23.38705824
2301.488584,-23.9475414
2302.627153,-22.67563164
2303.780036,-22.50564667
2304.931252,-23.11665026
2306.075177,-23.08448128
2307.239199,-22.66936303
2308.398124,-22.3868056
2309.54754,-23.13674001
2310.695185,-22.72513014
2311.845162,-22.76907081
2312.997081,-23.20952342
2314.156912,-22.83643153
2315.306733,-22.32780335
2316.456664,-22.32766226
2317.609679,-22.91080972
2318.762037,-22.38695068
2319.904644,-22.84666072
2321.062262,-23.09086088
2322.21343,-23.06993154
2323.356379,-22.55816585
2324.505361,-22.85438449
2325.659618,-22.5962707
2326.813212,-22.68000812
2327.963574,-22.6194155
2329.118435,-22.55714673
2330.269615,-23.11617968
2331.416291,-23.0810083
2332.565345,-22.73567967
2333.71965,-23.55168457
2334.867088,-22.92596875
2336.02052,-23.35944722
2337.170593,-22.85303019
2338.324522,-23.65378646
2339.477402,-22.86878387
2340.630406,-22.12226498
2341.784837,-22.65052251
2342.93038,-22.80330919
2344.073509,-22.67567056
2345.221558,-22.99869247
2346.363167,-22.75771964
2347.508008,-23.04951066
2348.657059,-22.85853163
2349.802245,-23.09092771
2350.960225,-23.38676434
2352.11004,-23.19899461
2353.26044,-22.81745512
2354.411146,-22.83805465
2355.557489,-22.96181762
2356.714641,-22.93392775
2357.864058,-22.86989444
2359.016832,-23.08697169
2360.169906,-22.88275983
2361.301426,-22.05956456
2362.424459,-22.24119672
2363.578084,-22.8605336
2364.723591,-22.56338758
2365.869497,-22.57139619
2367.024653,-22.42714124
2368.172188,-22.74619324
2369.321469,-22.72849918
2370.473037,-23.17271251
2371.624726,-22.47145644
2372.781649,-22.38551671
2373.934493,-23.00466336
2375.092067,-22.65215886
2376.240321,-22.63834466
2377.396683,-23.23349511
2378.547687,-23.05029048
2379.701472,-22.85129622
2380.850604,-23.0900061
2382.006131,-22.49880139
2383.158878,-22.16883198
2384.30929,-23.05828368
2385.467853,-22.26684662
2386.625433,-22.8234556
2387.778356,-23.14020413
2388.93819,-22.04111532
2390.087858,-22.46163554
2391.246044,-23.02394063
2392.401292,-22.55693838
2393.562159,-23.10575346
2394.71268,-22.44733534
2395.866106,-23.56216213
2397.016876,-22.4158765
2398.181079,-22.79641293
2399.328608,-23.14914865
2400.48281,-23.25698103
2401.629981,-23.21540702
2402.788271,-22.59973515
2403.936119,-22.2305287
2405.089834,-22.86514298
2406.239676,-23.05132688
2407.395313,-23.26652324
2408.546872,-22.86170969
2409.698774,-22.59193161
2410.846119,-22.89209991
2411.995059,-22.75603866
2413.145108,-23.02541202
2414.305358,-23.12058292
2415.462527,-23.1066906
2416.617255,-22.59888881
2417.771318,-22.9323642
2418.923924,-22.41908866
2420.067291,-22.91224438
2421.221159,-22.82197568
2422.37454,-22.33002282
2423.525512,-22.34685889
2424.662169,-22.50754431
2425.807362,-22.76714931
2426.950352,-22.7569292
2428.05011,-22.97736981
2429.175522,-23.13033785
2430.291113,-22.72643359
2431.404677,-23.72709518
2432.540555,-22.73348202
2433.683817,-23.83638766
2434.833926,-22.57977247
2435.98784,-22.84093552
2437.137529,-23.15421245
2438.297335,-23.10087172
2439.445811,-22.57057257
2440.600526,-22.70716319
2441.748775,-22.79648542
2442.907444,-23.42482132
2444.052652,-22.94254352
2445.191016,-22.68575329
2446.340721,-23.30420625
2447.484524,-23.04078693
2448.623129,-23.28830879
2449.763665,-23.35384004
2450.914454,-23.06971377
2452.049878,-22.66121209
2453.190255,-22.84741648
2454.341489,-22.76754888
2455.49284,-23.1991818
2456.621513,-22.99322939
2457.761114,-23.10956268
2458.87854,-23.25380915
2459.985583,-23.33858375
2461.13018,-22.44491377
2462.277119,-23.34644189
2463.425141,-22.64638713
2464.567483,-23.00196058
2465.7174,-22.98924957
2466.864798,-23.33536292
2468.004318,-22.37514284
2469.148023,-23.3728656
2470.302522,-22.7779416
2471.443898,-22.82279473
2472.591779,-22.85015371
2473.741929,-22.59778514
2474.892332,-23.44675512
2476.043956,-23.02887339
2477.18984,-23.37960976
2478.33418,-23.51091729
2479.469904,-23.09018278
2480.610435,-22.81867606
2481.747842,-22.99671645
2482.89579,-22.65087311
2484.042283,-22.82189368
2485.183442,-22.47992071
2486.329127,-22.78482271
2487.482315,-22.83306889
2488.621292,-22.32152421
2489.767203,-23.18583143
2490.910629,-22.94188441
2492.048704,-23.15788323
2493.19104,-22.89533485
2494.335508,-23.45116917
2495.476445,-23.06303865
2496.631354,-22.9939178
2497.781327,-23.61558815
2498.929245,-23.07360127
2500.067105,-22.82664374
2501.212761,-22.94326286
2502.374377,-22.61122555
2503.518668,-23.28651373
2504.661143,-22.77116349
2505.802591,-22.70972439
2506.942595,-23.15518259
2508.090742,-22.94953343
2509.242497,-22.72045073
2510.397589,-23.17169234
2511.540656,-22.85621483
2512.689774,-22.61045322
2513.831156,-21.84612406
2514.974563,-22.96361093
2516.132724,-22.61751861
2517.278225,-23.18389363
